case_id,disclosure_date,network,chain_id,address,indicator_type,entity,role,source_confidence,control_confidence,attribution_scope,monitoring,priority,threat_label,notes,source
HAMAS-AL-QASSAM-2026-09-01,2026-09-01,TRON,tron-mainnet,TA315GUGunjKDhv1ZL1YTvy7asPzJhAtL1,wallet,Hamas / Al-Qassam cryptocurrency fundraising network,official seizure-target donation and financing address,high,medium-high,official Hamas fundraising-network attribution; individual controller not identified,watch directly for deposits consolidation exchange routing and reuse,P1,true,Target Property 23 in the June 25 2025 affidavit. Transactional neighbors and service wallets do not inherit the label.,https://www.justice.gov/usao-dc/media/1459826/dl?inline=
HAMAS-AL-QASSAM-2026-09-01,2026-09-01,TRON,tron-mainnet,TS4toQBwagdM2oD1Q9eNqWoL8s7fMg5U2b,wallet,Hamas / Al-Qassam cryptocurrency fundraising network,official seizure-target donation and financing address,high,medium-high,official Hamas fundraising-network attribution; individual controller not identified,watch directly for deposits consolidation exchange routing and reuse,P1,true,Target Property 24 in the June 25 2025 affidavit. Transactional neighbors and service wallets do not inherit the label.,https://www.justice.gov/usao-dc/media/1459826/dl?inline=
HAMAS-AL-QASSAM-2026-09-01,2026-09-01,TRON,tron-mainnet,TWsomy6GFJqhswDjJcufPgTpMKGhwcVhdw,wallet,Hamas / Al-Qassam cryptocurrency fundraising network,official seizure-target donation and financing address,high,medium-high,official Hamas fundraising-network attribution; individual controller not identified,watch directly for deposits consolidation exchange routing and reuse,P1,true,Target Property 25 in the June 25 2025 affidavit. Transactional neighbors and service wallets do not inherit the label.,https://www.justice.gov/usao-dc/media/1459826/dl?inline=
HAMAS-AL-QASSAM-2026-09-01,2026-09-01,TRON,tron-mainnet,TVWRL9AY81gDdChuYiCfiNm5U39DNTyQwG,wallet,Hamas / Al-Qassam cryptocurrency fundraising network,official seizure-target donation and financing address,high,medium-high,official Hamas fundraising-network attribution; individual controller not identified,watch directly for deposits consolidation exchange routing and reuse,P1,true,Target Property 26 in the June 25 2025 affidavit. Transactional neighbors and service wallets do not inherit the label.,https://www.justice.gov/usao-dc/media/1459826/dl?inline=
HAMAS-AL-QASSAM-2026-09-01,2026-09-01,TRON,tron-mainnet,TYjWo3X1eFm8ufpb1jPQf8xv5bfriszGgq,wallet,Hamas / Al-Qassam cryptocurrency fundraising network,official seizure-target donation and financing address,high,medium-high,official Hamas fundraising-network attribution; individual controller not identified,watch directly for deposits consolidation exchange routing and reuse,P1,true,Target Property 27 in the June 25 2025 affidavit. Transactional neighbors and service wallets do not inherit the label.,https://www.justice.gov/usao-dc/media/1459826/dl?inline=
HAMAS-AL-QASSAM-2026-09-01,2026-09-01,TRON,tron-mainnet,TM1ywQ3ApL8ai2VTR6515fmzNdgFdKfa6J,wallet,Hamas / Al-Qassam cryptocurrency fundraising network,official seizure-target donation and financing address,high,medium-high,official Hamas fundraising-network attribution; individual controller not identified,watch directly for deposits consolidation exchange routing and reuse,P1,true,Target Property 28 in the June 25 2025 affidavit; direct fundraising-email evidence is documented in the filing.,https://www.justice.gov/usao-dc/media/1459826/dl?inline=
HAMAS-AL-QASSAM-2026-09-01,2026-09-01,TRON,tron-mainnet,TAbC5hoom3mktAGf3KZBNdxhEEujdUtpWG,wallet,Hamas / Al-Qassam cryptocurrency fundraising network,official seizure-target donation and financing address,high,medium-high,official Hamas fundraising-network attribution; individual controller not identified,watch directly for deposits consolidation exchange routing and reuse,P1,true,Target Property 29 in the June 25 2025 affidavit; direct fundraising-email evidence is documented in the filing.,https://www.justice.gov/usao-dc/media/1459826/dl?inline=
HAMAS-AL-QASSAM-2026-09-01,2026-09-01,TRON,tron-mainnet,TFBnvjWAjXkRAigJSPR5YqzowMNT85y1YZ,wallet,Hamas / Al-Qassam cryptocurrency fundraising network,official seizure-target donation and financing address,high,medium-high,official Hamas fundraising-network attribution; individual controller not identified,watch directly for deposits consolidation exchange routing and reuse,P1,true,Target Property 30 in the June 25 2025 affidavit; direct fundraising-email evidence is documented in the filing.,https://www.justice.gov/usao-dc/media/1459826/dl?inline=
HAMAS-AL-QASSAM-2026-09-01,2026-09-01,TRON,tron-mainnet,TDeBgBrQjgySyP9zPje3CRBCT2MQd13hy3,wallet,Hamas / Al-Qassam cryptocurrency fundraising network,directly solicited donation address,high,high,address supplied by Al-Qassam fundraising email to a prospective donor,watch directly for deposits consolidation exchange routing and reuse,P1,true,Target Property 31; affidavit documents a response from the fundraising email supplying the address.,https://www.justice.gov/usao-dc/media/1459826/dl?inline=
HAMAS-AL-QASSAM-2026-09-01,2026-09-01,TRON,tron-mainnet,TWE3K4dctpkdQgXG5VRHU4ND1ssh3HCCFg,wallet,Hamas / Al-Qassam cryptocurrency fundraising network,directly solicited donation address,high,high,address supplied by Al-Qassam fundraising email to a prospective donor,watch directly for deposits consolidation exchange routing and reuse,P1,true,Target Property 32; affidavit documents a response from the fundraising email supplying the address.,https://www.justice.gov/usao-dc/media/1459826/dl?inline=
HAMAS-AL-QASSAM-2026-09-01,2026-09-01,TRON,tron-mainnet,TCeCc94bcYiooTuGsHojDCUNbdneK2qgn3,wallet,Hamas / Al-Qassam cryptocurrency fundraising network,directly solicited donation address,high,high,address supplied by Al-Qassam fundraising email to a prospective donor,watch directly for deposits consolidation exchange routing and reuse,P1,true,Target Property 33; affidavit documents a response from the fundraising email supplying the address.,https://www.justice.gov/usao-dc/media/1459826/dl?inline=
HAMAS-AL-QASSAM-2026-09-01,2026-09-01,TRON,tron-mainnet,TL5Npc5AA2CuWcWzjzemGV1zBo3dadUgdF,wallet,Hamas / Al-Qassam cryptocurrency fundraising network,directly solicited donation address,high,high,address supplied by Al-Qassam fundraising email to a prospective donor,watch directly for deposits consolidation exchange routing and reuse,P1,true,Target Property 34; affidavit documents a response from the fundraising email supplying the address.,https://www.justice.gov/usao-dc/media/1459826/dl?inline=
HAMAS-AL-QASSAM-2026-09-01,2026-09-01,TRON,tron-mainnet,TAZEkqkjuHkYznF3Q8g9PKbpRuUNtUbgCB,wallet,Hamas / Al-Qassam cryptocurrency fundraising network,donation consolidation and operational laundering wallet,high,high,FBI-identified Hamas donation consolidation wallet,watch directly for fundraising consolidation downstream dispersal and exchange deposits,P1,true,Target Property 35; received funds from multiple donation addresses and dispersed them downstream.,https://www.justice.gov/usao-dc/media/1459826/dl?inline=
HAMAS-AL-QASSAM-2026-09-01,2026-09-01,TRON,tron-mainnet,TL192dbA29m2pyaug7m7gHCurzGbzFnLEx,wallet,Hamas / Al-Qassam cryptocurrency fundraising network,downstream laundering and rapid exchange-dispersal wallet,high,high,FBI-identified Hamas funding account downstream of the consolidation wallet,watch directly for dispersal Binance deposits and recurring network exposure,P1,true,Target Property 36; received approximately 43700 USDT exclusively from TAZEkqkjuHkYznF3Q8g9PKbpRuUNtUbgCB and rapidly sent nearly all to Binance accounts.,https://www.justice.gov/usao-dc/media/1459826/dl?inline=
HAMAS-AL-QASSAM-2026-09-01,2026-09-01,TRON,tron-mainnet,TKmyTRdBaKXviN5MCJHD7nvfmoSTQ6zzmS,custodial_account,Hamas / Al-Qassam cryptocurrency fundraising network,Binance-linked likely money-mule account,high,medium-high,law-enforcement-attributed custodial exchange user account; not a self-hosted wallet,watch directly for historical and recurring incident exposure while preserving custody role,P1,true,Target Property 37. FBI assesses the Binance user account as a likely money-mule account; exchange infrastructure and later sweeps do not inherit the label.,https://www.justice.gov/usao-dc/media/1459826/dl?inline=
HAMAS-AL-QASSAM-2026-09-01,2026-09-01,TRON,tron-mainnet,TYZwCibn8uH1jr9c7i9Vc46mPoGpS9cvsz,custodial_account,Hamas / Al-Qassam cryptocurrency fundraising network,Binance-linked likely money-mule account,high,medium-high,law-enforcement-attributed custodial exchange user account; not a self-hosted wallet,watch directly for historical and recurring incident exposure while preserving custody role,P1,true,Target Property 38. FBI assesses the Binance user account as a likely money-mule account; exchange infrastructure and later sweeps do not inherit the label.,https://www.justice.gov/usao-dc/media/1459826/dl?inline=
HAMAS-AL-QASSAM-2026-09-01,2026-09-01,BNB Smart Chain,56,0x0c78ab86e809e1f65374055610f9fcb5cd100734,custodial_account,Hamas / Al-Qassam cryptocurrency fundraising network,financier and fiat-conversion network account,high,high,officially seized Binance account used by a financier enabling a Hamas-linked exchange network,watch directly for laundering fiat conversion and linked exchange exposure,P1,true,Target Property 39; affidavit describes approximately 29880 USDT reaching the account including funds traced to Hamas fundraising.,https://www.justice.gov/usao-dc/media/1459826/dl?inline=
HAMAS-AL-QASSAM-2026-09-01,2026-09-01,BNB Smart Chain,56,0x8a48E24D664f481e5B8b98f6efa4Af43DC765834,wallet,Hamas / Al-Qassam cryptocurrency fundraising network,cross-chain exchange and laundering hop,high,medium,high-confidence incident transaction path; affidavit describes the address as unattributed,watch directly for incident flows and use as graph-expansion pivot without assigning the financier controller,P2,true,Received approximately 20005 USDT after a Binance user moved funds from TRON to BSC and forwarded 29880 USDT to Target Property 39 about 30 minutes later. Precise ownership unresolved.,https://www.justice.gov/usao-dc/media/1459826/dl?inline=
